{
    "points_remaining": 100,
    "final_equation_string": "y = 0.51x + 15.64",
    "intercept": 15.636556322620335,
    "coefficient_pedestrian_count": 0.5075296606429907,
    "rmse": 1.5194192377637739,
    "r2_score": 0.8944085577958456
}